id;firstname;last_name;contact_no;email_id;address;user_name;password;verify_password;last_modified_by;last_modified
1;card;Gleason;array Steel copy;Luxembourg Bike;database RSS clear-thinking;hacking;Eritrea Intelligent deposit;Research convergence Vermont;Executive Checking;Money
2;Balanced drive;Denesik;Hat Central sensor;Tools e-services;Technician;wireless Jewelery Chad;Tasty;multi-byte;Loan;Spring
3;Home;Armstrong;lavender sky;Web;Garden;matrices online;incentivize Intelligent blue;Small;Pants Product;Markets Guinea Berkshire
4;Loan needs-based Chips;Gusikowski;Tools deposit Universal;Vista;auxiliary;JSON Handmade Dynamic;generate CSS;Music Corporate methodology;Oman Account;clear-thinking
5;synergy blue alliance;Bauch;Beauty Markets Handcrafted;virtual;Soft TCP;Electronics;Locks;orchestrate redundant Configuration;PCI utilisation;Indonesia Supervisor
6;actuating Unbranded grey;Kub;black;Metrics;Principal;Village Bedfordshire;Borders morph;payment;Up-sized;pink Account Soft
7;Shoes hack;Williamson;connect encompassing;Square;Netherlands;Creative programming;Loan online;XML;Refined;transmitting Gorgeous Frozen
8;withdrawal;Lebsack;Antilles;gold Awesome;Bacon;Grove Orchestrator auxiliary;Global pink;synthesize Facilitator;Antarctica;Chicken
9;Health;Shanahan;Burundi;Forward tan International;state viral Regional;Agent;Tuna Dam Associate;Lead;Awesome;Representative Chicken
10;Marketing blockchains withdrawal;Gibson;Distributed generating;Cotton;wireless;microchip;International synthesize user-centric;payment African recontextualize;Granite;Pennsylvania deposit
